CID,HOST_RA,HOST_DEC,zHEL,zCMB
2011fe,-999,-999,0.00082,0.00122
2011fe,-999,-999,0.00082,0.00122
2012cg,-999,-999,0.00144,0.00256
2012cg,-999,-999,0.00144,0.00256
1994DRichmond,-999,-999,0.00187,0.00299
1981B,-999,-999,0.00236,0.0035
2013aa,-999,-999,0.00411,0.00478
2013aa,-999,-999,0.00411,0.00478
2017cbv,-999,-999,0.00411,0.00478
2017cbv,-999,-999,0.00411,0.00478
2001el,-999,-999,0.00379,0.00357
2011by,-999,-999,0.00313,0.00369
1998aq,-999,-999,0.00313,0.00369
1990N,-999,-999,0.00355,0.00462
2021pit,-999,-999,0.00388,0.00366
2005df,-999,-999,0.00435,0.00435
2005df_ANU,-999,-999,0.00435,0.00435
2013dy,-999,-999,0.00394,0.00293
2013dy,-999,-999,0.00394,0.00293
2012ht,-999,-999,0.00352,0.00465
2012ht,-999,-999,0.00352,0.00465
1980N,-999,-999,0.00495,0.0046
2012fr,-999,-999,0.00492,0.0046
2007on,-999,-999,0.00491,0.0046
2012fr,-999,-999,0.00492,0.0046
1992A,-999,-999,0.00492,0.0046
2007on,-999,-999,0.00491,0.0046
2015F,-999,-999,0.00476,0.00515
2015F,-999,-999,0.00476,0.00515
2011B,-999,-999,0.00452,0.00458
2018aoz,-999,-999,0.00587,0.00701
2016coj,-999,-999,0.00452,0.00489
SN2016coj,-999,-999,0.00452,0.00489
2007sr,-999,-999,0.00542,0.0066
2007sr,-999,-999,0.00542,0.0066
2007gi,-999,-999,0.00462,0.00505
1994ae,-999,-999,0.00427,0.0054
2015bp,-999,-999,0.00539,0.00603
2018gv,-999,-999,0.0051,0.00596
2018gv,-999,-999,0.0051,0.00596
2018gv,-999,-999,0.0051,0.00596
1981D,-999,-999,0.00587,0.00551
2006dd,-999,-999,0.00587,0.00551
2007af,-999,-999,0.00552,0.00635
2007af,-999,-999,0.00552,0.00635
2007af,-999,-999,0.00552,0.00635
2007af,-999,-999,0.00552,0.00635
2007le,-999,-999,0.00672,0.00552
2007le,-999,-999,0.00672,0.00552
2007le,-999,-999,0.00672,0.00552
1998dm,-999,-999,0.00667,0.00567
2014bv,-999,-999,0.00533,0.00548
2019np,-999,-999,0.00452,0.0055
2019np,-999,-999,0.00452,0.0055
1997br,-999,-999,0.00699,0.00801
2011iv,-999,-999,0.00625,0.00594
1995al,-999,-999,0.00504,0.00592
1996X,-999,-999,0.00712,0.00812
2017erp,-999,-999,0.00662,0.00727
2017erp,-999,-999,0.00662,0.00727
2017erp,-999,-999,0.00662,0.00727
1992G,-999,-999,0.00523,0.00611
2005cf,-999,-999,0.00644,0.00703
2005cf,-999,-999,0.00644,0.00703
2005cf,-999,-999,0.00644,0.00703
2002fk,-999,-999,0.00719,0.00668
2002fk,-999,-999,0.00719,0.00668
2003du,-999,-999,0.00638,0.00664
2003du,-999,-999,0.00638,0.00664
2003du,-999,-999,0.00638,0.00664
2008Q,-999,-999,0.00826,0.00722
2008Q,-999,-999,0.00826,0.00722
2003kf,-999,-999,0.00739,0.00769
1998dh,-999,-999,0.00893,0.00769
1998dh,-999,-999,0.00893,0.00769
2012hr,-999,-999,0.00757,0.00788
2009ig,-999,-999,0.00877,0.00801
2009ig,-999,-999,0.00877,0.00801
2009ig,-999,-999,0.00877,0.00801
1996Z,-999,-999,0.00757,0.00867
1995D,-999,-999,0.00668,0.0078
1991M,-999,-999,0.00726,0.00758
2013gh,-999,-999,0.00881,0.00775
2013gh,-999,-999,0.00881,0.00775
2001bg,-999,-999,0.00719,0.00796
2005W,-999,-999,0.00954,0.00861
ASASSN-15so,-999,-999,0.00702,0.00773
PSNJ0717457,-999,-999,0.00759,0.00812
2005am,-999,-999,0.00733,0.00841
2005am,-999,-999,0.00733,0.00841
2005am,-999,-999,0.00733,0.00841
1997bp,-999,-999,0.00817,0.00931
2019ein,-999,-999,0.00775,0.00837
2002er,-999,-999,0.00855,0.00853
2002er,-999,-999,0.00855,0.00853
2006D,-999,-999,0.00853,0.00966
2006D,-999,-999,0.00853,0.00966
2006D,-999,-999,0.00853,0.00966
2013cs,-999,-999,0.00924,0.01029
1999cp,-999,-999,0.00907,0.00998
1999cp,-999,-999,0.00907,0.00998
2002cr,-999,-999,0.00907,0.00998
2002cr,-999,-999,0.00907,0.00998
2002dj,-999,-999,0.00945,0.01051
2002dj,-999,-999,0.00945,0.01051
1998es,-999,-999,0.01057,0.00957
1998es,-999,-999,0.01057,0.00957
PTF10icb,-999,-999,0.00856,0.009
2009Y,-999,-999,0.00974,0.0105
2009Y,-999,-999,0.00974,0.0105
2009Y,-999,-999,0.00974,0.0105
2013E,-999,-999,0.00936,0.01042
1999ac,-999,-999,0.00947,0.00979
1999ac,-999,-999,0.00947,0.00979
2009an,-999,-999,0.00887,0.00921
2009an,-999,-999,0.00887,0.00921
2006bh,-999,-999,0.01077,0.01042
2004S,-999,-999,0.0093,0.0098
2021hpr,-999,-999,0.00938,0.00958
2002dp,-999,-999,0.01169,0.01049
2002dp,-999,-999,0.01169,0.01049
1997do,-999,-999,0.01012,0.01048
1997bq,-999,-999,0.00973,0.00993
2008fv_comb,-999,-999,0.00973,0.00993
ASASSN-16jf,-999,-999,0.01144,0.0104
iPTF13ebh,-999,-999,0.01317,0.01238
iPTF13ebh,-999,-999,0.01317,0.01238
2010ko,-999,-999,0.01082,0.01096
2013ex,-999,-999,0.01082,0.01096
2013ex,-999,-999,0.01082,0.01096
2009ab,-999,-999,0.01219,0.01189
2011ao,-999,-999,0.01074,0.01168
2001cz,-999,-999,0.01178,0.01275
2009kk,-999,-999,0.01286,0.01244
2010Y,-999,-999,0.01105,0.01142
2008R,-999,-999,0.01321,0.0126
2002ha,-999,-999,0.01321,0.0122
2002ha,-999,-999,0.01321,0.0122
2009kq,-999,-999,0.01169,0.01247
2009kq,-999,-999,0.01169,0.01247
2001bt,-999,-999,0.01426,0.01407
2001ep,-999,-999,0.01312,0.01306
2001ep,-999,-999,0.01312,0.01306
2013gy,-999,-999,0.01355,0.01309
2013gy,-999,-999,0.01355,0.01309
AT2017cfd,-999,-999,0.01208,0.01222
2017cfd,-999,-999,0.01208,0.01222
1999dq,-999,-999,0.01413,0.01334
1999dq,-999,-999,0.01413,0.01334
2007hj,-999,-999,0.01411,0.01288
2007hj,-999,-999,0.01411,0.01288
2007hj,-999,-999,0.01411,0.01288
2008hv,-999,-999,0.01255,0.0136
2008hv,-999,-999,0.01255,0.0136
2008hv,-999,-999,0.01255,0.0136
1997E,-999,-999,0.01315,0.01314
2007cv,-999,-999,0.01245,0.01361
1992al,-999,-999,0.01484,0.01434
1999dk,-999,-999,0.01502,0.014
1999dk,-999,-999,0.01502,0.014
ASASSN-16dn,-999,-999,0.01285,0.01406
ASASSN-16la,-999,-999,0.01506,0.01424
2005kc,-999,-999,0.01509,0.01386
2005kc,-999,-999,0.01509,0.01386
2007ca,-999,-999,0.01406,0.01509
2007ca,-999,-999,0.01406,0.01509
2007ca,-999,-999,0.01406,0.01509
2006N,-999,-999,0.01416,0.01416
2006td,-999,-999,0.01588,0.01504
2013gq,-999,-999,0.01381,0.01457
2004eo,-999,-999,0.01517,0.0142
2003gt,-999,-999,0.01519,0.01422
2005bo,-999,-999,0.01389,0.01503
2005bo,-999,-999,0.01389,0.01503
2001fe,-999,-999,0.01351,0.01448
2013fa,-999,-999,0.0153,0.01429
2000dm,-999,-999,0.0151,0.01472
PSNJ2043531,-999,-999,0.01549,0.01449
2011df,-999,-999,0.01454,0.01402
2005el,-999,-999,0.01484,0.01483
2005el,-999,-999,0.01484,0.01483
2001cn,-999,-999,0.01515,0.01509
2005de,-999,-999,0.01526,0.01495
SN2017jl,-999,-999,0.01633,0.01529
ASASSN-16ad,-999,-999,0.01613,0.01522
ATLAS16cxr,-999,-999,0.01552,0.01518
iPTF16auf,-999,-999,0.01502,0.01566
2008bc,-999,-999,0.01509,0.01572
2011im,-999,-999,0.01616,0.01493
1999ej,-999,-999,0.0163,0.01534
1999ej,-999,-999,0.0163,0.01534
2001en,-999,-999,0.01629,0.01534
2001en,-999,-999,0.01629,0.01534
2001V,-999,-999,0.01488,0.01592
2001V,-999,-999,0.01488,0.01592
2008ec,-999,-999,0.01631,0.01506
2008ec,-999,-999,0.01631,0.01506
2008eo,-999,-999,0.01643,0.01539
2009nq,-999,-999,0.01649,0.01527
2005al,-999,-999,0.01538,0.01629
2013hn,-999,-999,0.01538,0.01629
2001bf,-999,-999,0.01587,0.01556
2001bf,-999,-999,0.01587,0.01556
ASASSN-15oh,-999,-999,0.01683,0.01579
1994S,-999,-999,0.01524,0.01619
1999aa,-999,-999,0.01497,0.01579
1999aa,-999,-999,0.01497,0.01579
2002cs,-999,-999,0.01584,0.01538
iPTF14bdn,-999,-999,0.01558,0.01636
2007ss,-999,-999,0.01557,0.01619
2010kg,-999,-999,0.01614,0.01595
2013fw,-999,-999,0.01679,0.0157
2013Q,-999,-999,0.01727,0.01612
iPTF13dge,-999,-999,0.01586,0.01581
2007fs,-999,-999,0.01737,0.01633
SN2016gfr,-999,-999,0.01669,0.0163
ASASSN-16ip,-999,-999,0.01701,0.01632
2007A,-999,-999,0.01765,0.01646
2007A,-999,-999,0.01765,0.01646
PSNJ0107203,-999,-999,0.01701,0.01601
1998ef,-999,-999,0.01711,0.0161
1998ef,-999,-999,0.01711,0.0161
ASASSN-15ti,-999,-999,0.01732,0.01671
ASASSN-15od,-999,-999,0.0176,0.01678
1996bv,-999,-999,0.01667,0.01673
1997Y,-999,-999,0.01608,0.01661
2001da,-999,-999,0.01782,0.01658
2001da,-999,-999,0.01782,0.01658
ASASSN-15kx,-999,-999,0.01802,0.01697
2000dk,-999,-999,0.01749,0.01649
2000dk,-999,-999,0.01749,0.01649
2007fb,-999,-999,0.01803,0.0168
2007fb,-999,-999,0.01803,0.0168
2006ef,-999,-999,0.01781,0.01694
2008C,-999,-999,0.01662,0.01709
2008C,-999,-999,0.01662,0.01709
2004fz,-999,-999,0.01732,0.01646
2006ax,-999,-999,0.01649,0.01774
2006ax,-999,-999,0.01649,0.01774
1998V,-999,-999,0.01758,0.01718
2013gs,-999,-999,0.01681,0.01748
2008L,-999,-999,0.01789,0.01734
2008L,-999,-999,0.01789,0.01734
2009le,-999,-999,0.01815,0.01739
2009le,-999,-999,0.01815,0.01739
2000dr,-999,-999,0.01867,0.01765
2007as,-999,-999,0.01757,0.01791
1992bo,-999,-999,0.01884,0.01805
2010ai,-999,-999,0.01826,0.01918
ASASSN-17co,-999,-999,0.01826,0.01791
PS15coh,-999,-999,0.01884,0.01796
2009gf,-999,-999,0.01844,0.01925
2009gf,-999,-999,0.01844,0.01925
2016ffh,-999,-999,0.01819,0.01851
ATLAS16cpu,-999,-999,0.01819,0.01851
2000cu,-999,-999,0.01957,0.01902
2011fs,-999,-999,0.01929,0.01822
2011fs,-999,-999,0.01929,0.01822
ASASSN-16cs,-999,-999,0.01802,0.01839
2006kf,-999,-999,0.02004,0.01955
2006kf,-999,-999,0.02004,0.01955
2008hs,-999,-999,0.01906,0.01835
2008hs,-999,-999,0.01906,0.01835
2007au,-999,-999,0.01964,0.01992
2016W,-999,-999,0.01925,0.01855
2002kf,-999,-999,0.0193,0.01948
1992bc,-999,-999,0.02017,0.01976
2009ds,-999,-999,0.01909,0.02033
2009ds,-999,-999,0.01909,0.02033
2006ej,-999,-999,0.02038,0.01926
2006ej,-999,-999,0.02038,0.01926
2006ej,-999,-999,0.02038,0.01926
2006ej,-999,-999,0.02038,0.01926
2002jy,-999,-999,0.0196,0.0187
2016hpw,-999,-999,0.02117,0.02019
ATLAS16dqf,-999,-999,0.02117,0.02019
2005ki,-999,-999,0.01946,0.02066
2005ki,-999,-999,0.01946,0.02066
2005ki,-999,-999,0.01946,0.02066
ASASSN-15lg,-999,-999,0.02015,0.02121
2001dl,-999,-999,0.02095,0.01983
PSNJ1602512,-999,-999,0.02025,0.02039
2007st,-999,-999,0.02113,0.02061
ASASSN-17bs,-999,-999,0.02039,0.02014
2010A,-999,-999,0.02159,0.02079
2003W,-999,-999,0.01979,0.02087
2003W,-999,-999,0.01979,0.02087
2001br,-999,-999,0.0209,0.02046
ASASSN-16lc,-999,-999,0.02033,0.02001
AT2016eoa,-999,-999,0.02109,0.01993
ASASSN-16lg,-999,-999,0.02117,0.02093
2004bw,-999,-999,0.0214,0.02207
2008Z,-999,-999,0.02062,0.02146
2008Z,-999,-999,0.02062,0.02146
2007bc,-999,-999,0.02075,0.02187
2007bc,-999,-999,0.02075,0.02187
2007bc,-999,-999,0.02075,0.02187
SN2016ajf,-999,-999,0.02032,0.01978
2009dc,-999,-999,0.02146,0.02179
2018fop,-999,-999,0.02121,0.02017
ASASSN-15uv,-999,-999,0.02028,0.02104
ASASSN-18da,-999,-999,0.022,0.02157
2006et,-999,-999,0.0224,0.0214
2006et,-999,-999,0.0224,0.0214
1999dg,-999,-999,0.02206,0.02263
2001cp,-999,-999,0.02246,0.02245
1995ak,-999,-999,0.02269,0.02193
2009na,-999,-999,0.02104,0.02209
ASASSN-18iu,-999,-999,0.0223,0.02202
ATLAS16dpb,-999,-999,0.02309,0.02238
SNF20080514-002,-999,-999,0.02194,0.02292
2006dm,-999,-999,0.02284,0.02161
2006dm,-999,-999,0.02284,0.02161
2008ia,-999,-999,0.02194,0.02257
2004bg,-999,-999,0.02103,0.02214
2004bg,-999,-999,0.02103,0.02214
2002cu,-999,-999,0.02252,0.02217
2006cp,-999,-999,0.02229,0.02334
2006cp,-999,-999,0.02229,0.02334
2000fa,-999,-999,0.02128,0.02181
2000fa,-999,-999,0.02128,0.02181
ASASSN-16bn,-999,-999,0.02317,0.02253
ASASSN-17aj,-999,-999,0.02127,0.02253
AT2017cfb,-999,-999,0.0229,0.02382
2006bq,-999,-999,0.02271,0.02226
2002ef,-999,-999,0.02341,0.02224
2010cr,-999,-999,0.02269,0.02368
ASASSN-15il,-999,-999,0.02331,0.02374
2000cn,-999,-999,0.02289,0.0226
2000cn,-999,-999,0.02289,0.0226
2017hoq,-999,-999,0.02341,0.0235
2009jb,-999,-999,0.02338,0.02324
2014ai,-999,-999,0.02233,0.02317
ASASSN-14fa,-999,-999,0.02315,0.02262
2004at,-999,-999,0.02237,0.02287
PS15cku,-999,-999,0.02327,0.02222
2007ci,-999,-999,0.02184,0.02295
2007ci,-999,-999,0.02184,0.02295
2009al,-999,-999,0.02207,0.02328
2009al,-999,-999,0.02207,0.02328
2009al,-999,-999,0.02207,0.02328
2009cz,-999,-999,0.02227,0.02315
2009cz,-999,-999,0.02227,0.02315
ASASSN-15nr,-999,-999,0.0232,0.02309
2004bk,-999,-999,0.02306,0.02405
2018enc,-999,-999,0.02389,0.0245
2007qe,-999,-999,0.02396,0.0228
2007qe,-999,-999,0.02396,0.0228
ATLAS17bas,-999,-999,0.02222,0.02331
ASASSN-15tz,-999,-999,0.02286,0.0222
2010ao,-999,-999,0.02324,0.02422
2006sr,-999,-999,0.02425,0.02307
ASASSN-15jt,-999,-999,0.02306,0.02396
ASASSN-16em,-999,-999,0.02302,0.02296
2000ca,-999,-999,0.02361,0.02454
1998eg,-999,-999,0.02483,0.02358
PS1-14xw,-999,-999,0.02427,0.02436
2010gp,-999,-999,0.02427,0.02436
2000bh,-999,-999,0.02304,0.02421
2007F,-999,-999,0.02362,0.0242
2007F,-999,-999,0.02362,0.0242
1993H,-999,-999,0.0236,0.0245
AT2016bln,-999,-999,0.0233,0.02425
2006ac,-999,-999,0.02309,0.02395
2006ac,-999,-999,0.02309,0.02395
ASASSN-15sf,-999,-999,0.02468,0.02349
2005bg,-999,-999,0.02303,0.02414
2009D,-999,-999,0.0251,0.02476
2009D,-999,-999,0.0251,0.02476
2009D,-999,-999,0.0251,0.02476
PS16ccn,-999,-999,0.02431,0.02395
2008bf,-999,-999,0.02342,0.02451
2008bf,-999,-999,0.02342,0.02451
2008bf,-999,-999,0.02342,0.02451
1994M,-999,-999,0.02308,0.02426
2004br,-999,-999,0.02308,0.02426
ASASSN-16hz,-999,-999,0.02531,0.02406
2003he,-999,-999,0.02526,0.02404
2001cj,-999,-999,0.02409,0.02491
Gaia16agf,-999,-999,0.02507,0.02553
2007cq,-999,-999,0.02604,0.02481
2007cq,-999,-999,0.02604,0.02481
2003it,-999,-999,0.02528,0.02413
2007cq,-999,-999,0.02604,0.02481
AT2017cfc,-999,-999,0.02402,0.02499
2011dn,-999,-999,0.02527,0.02443
2007sw,-999,-999,0.02428,0.025
2012bh,-999,-999,0.02428,0.025
370356,-999,-999,0.02428,0.025
2002he,-999,-999,0.02441,0.02469
2002he,-999,-999,0.02441,0.02469
2018jjd,-999,-999,0.0256,0.02547
2002bf,-999,-999,0.02438,0.02494
2002bf,-999,-999,0.02438,0.02494
ASASSN-16bq,-999,-999,0.02493,0.02582
PS15ahs,-999,-999,0.02551,0.02522
PSNJ0153424,-999,-999,0.02565,0.02474
SN2017hn,-999,-999,0.02385,0.02492
1992ag,-999,-999,0.0249,0.02592
SN2017ms,-999,-999,0.02448,0.02538
PSNJ2352371,-999,-999,0.02648,0.02525
2005M,-999,-999,0.02484,0.02584
2005M,-999,-999,0.02484,0.02584
2005M,-999,-999,0.02484,0.02584
SN2017mf,-999,-999,0.02561,0.02618
2005mc,-999,-999,0.02515,0.02597
2005mc,-999,-999,0.02515,0.02597
ASASSN-15uu,-999,-999,0.02678,0.02579
2005ms,-999,-999,0.02522,0.02595
1999gp,-999,-999,0.02675,0.02603
1999gp,-999,-999,0.02675,0.02603
ASASSN-15mf,-999,-999,0.02604,0.02691
ASASSN-17at,-999,-999,0.02537,0.02643
SNF20071021-000,-999,-999,0.0276,0.0264
2013fn,-999,-999,0.02823,0.02724
2002eb,-999,-999,0.02751,0.02633
2007co,-999,-999,0.02696,0.02655
2007co,-999,-999,0.02696,0.02655
2007co,-999,-999,0.02696,0.02655
1992P,-999,-999,0.02531,0.02643
2007su,-999,-999,0.02783,0.0266
ASASSN-15fa,-999,-999,0.02734,0.02721
2005na,-999,-999,0.02665,0.02717
2005na,-999,-999,0.02665,0.02717
2005na,-999,-999,0.02665,0.02717
ASASSN-16av,-999,-999,0.02567,0.02676
2006gj,-999,-999,0.0283,0.0277
2010ii,-999,-999,0.02814,0.02704
2006ev,-999,-999,0.02873,0.02759
PSNJ0252467,-999,-999,0.02809,0.02748
2009aa,-999,-999,0.02705,0.02827
2011hb,-999,-999,0.02901,0.02775
2005eq,-999,-999,0.02893,0.02831
2005eq,-999,-999,0.02893,0.02831
2005eq,-999,-999,0.02893,0.02831
2003U,-999,-999,0.0281,0.02794
2009ad,-999,-999,0.0284,0.02834
2009ad,-999,-999,0.0284,0.02834
2002el,-999,-999,0.02873,0.02778
2008ar,-999,-999,0.02617,0.02732
2008ar,-999,-999,0.02617,0.02732
2008ar,-999,-999,0.02617,0.02732
AT2017ns,-999,-999,0.02877,0.02802
2004gs,-999,-999,0.0274,0.02829
SN2017ckx,-999,-999,0.02716,0.02779
2007is,-999,-999,0.02953,0.02953
2013bs,-999,-999,0.02871,0.02859
1998ab,-999,-999,0.02731,0.02806
1993ah,-999,-999,0.0293,0.02828
2006qo,-999,-999,0.02837,0.02871
ASASSN-15la,-999,-999,0.02782,0.02845
1996C,-999,-999,0.02823,0.02875
PS16cvc,-999,-999,0.02954,0.02844
ASASSN-15fs,-999,-999,0.02902,0.0285
2003ch,-999,-999,0.02833,0.02895
ASASSN-16ay,-999,-999,0.02835,0.02895
PSNJ0859349,-999,-999,0.02812,0.02874
ASASSN-16fs,-999,-999,0.0292,0.0299
LSQ12gdj,-999,-999,0.02991,0.02886
2000cw,-999,-999,0.03013,0.02896
2002de,-999,-999,0.03034,0.0305
ASASSN-16aj,-999,-999,0.03075,0.03053
ASASSN-16br,-999,-999,0.02852,0.029
AT2017zd,-999,-999,0.02947,0.03048
ASASSN-16hh,-999,-999,0.03026,0.02935
ATLAS17ajn,-999,-999,0.02871,0.02988
Gaia16bba,-999,-999,0.03046,0.02934
1997dg,-999,-999,0.03081,0.02962
2004ef,-999,-999,0.03101,0.02978
2004ef,-999,-999,0.03101,0.02978
2004ef,-999,-999,0.03101,0.02978
ASASSN-15nq,-999,-999,0.03036,0.03025
AT2017lm,-999,-999,0.03064,0.03002
ASASSN-16fo,-999,-999,0.0289,0.02994
ASASSN-16es,-999,-999,0.0285,0.02973
AT2016cyt,-999,-999,0.03074,0.02965
2013fy,-999,-999,0.03167,0.03099
ASASSN-15uw,-999,-999,0.03081,0.03004
ASASSN-16hr,-999,-999,0.03086,0.0298
PS15cwx,-999,-999,0.03007,0.03007
1990O,-999,-999,0.03099,0.03093
2001ba,-999,-999,0.03022,0.03136
2009eu,-999,-999,0.03063,0.03072
2009fv,-999,-999,0.03065,0.03072
2009fv,-999,-999,0.03065,0.03072
SNF20080909-030,-999,-999,0.03134,0.03013
2008gg,-999,-999,0.03203,0.03107
2008gg,-999,-999,0.03203,0.03107
1999cc,-999,-999,0.03111,0.03132
AT2017wb,-999,-999,0.03065,0.03093
MASTEROTJ08,-999,-999,0.03059,0.03156
2007bd,-999,-999,0.03044,0.03141
2007bd,-999,-999,0.03044,0.03141
2007bd,-999,-999,0.03044,0.03141
2006bt,-999,-999,0.03208,0.03241
2006bt,-999,-999,0.03208,0.03241
2006bt,-999,-999,0.03208,0.03241
2006bw,-999,-999,0.02996,0.03075
ASASSN-15hg,-999,-999,0.02992,0.03107
ATLAS17axb,-999,-999,0.03165,0.03264
2010gn,-999,-999,0.03136,0.03123
CSS160428,-999,-999,0.03029,0.03081
2000dn,-999,-999,0.03207,0.03081
2006en,-999,-999,0.03198,0.03081
2006en,-999,-999,0.03198,0.03081
2008bq,-999,-999,0.03232,0.03279
ASASSN-16oz,-999,-999,0.031,0.03207
2006az,-999,-999,0.03103,0.03158
010026,-999,-999,0.03123,0.03174
AT2017po,-999,-999,0.03183,0.03201
2007ai,-999,-999,0.03176,0.03212
2007ai,-999,-999,0.03176,0.03212
2007ux,-999,-999,0.0307,0.03183
2007ux,-999,-999,0.0307,0.03183
ASASSN-15pr,-999,-999,0.03309,0.03189
2008gl,-999,-999,0.03354,0.03246
2008gl,-999,-999,0.03354,0.03246
2008gl,-999,-999,0.03354,0.03246
SN2016hpx,-999,-999,0.03338,0.0337
SN2017cii,-999,-999,0.03323,0.03337
2006te,-999,-999,0.03155,0.03212
2006os,-999,-999,0.03285,0.03212
2004as,-999,-999,0.03139,0.0325
2004as,-999,-999,0.03139,0.0325
ASASSN-16bc,-999,-999,0.03194,0.03314
2008gp,-999,-999,0.03303,0.03245
2008gp,-999,-999,0.03303,0.03245
2010ag,-999,-999,0.0334,0.03336
2005iq,-999,-999,0.03404,0.03292
2005iq,-999,-999,0.03404,0.03292
PS15bsq,-999,-999,0.0343,0.03309
2004L,-999,-999,0.03229,0.03344
2003gn,-999,-999,0.03438,0.03316
2003cq,-999,-999,0.03275,0.03323
2006S,-999,-999,0.03224,0.0331
2011dl,-999,-999,0.0341,0.03432
2006gr,-999,-999,0.03467,0.03352
2006gr,-999,-999,0.03467,0.03352
ASASSN-16dw,-999,-999,0.03466,0.03565
2007ba,-999,-999,0.03474,0.03533
ATLAS17ajs,-999,-999,0.03265,0.0337
1996bl,-999,-999,0.036,0.03481
2003kc,-999,-999,0.03316,0.0341
2003iv,-999,-999,0.03426,0.03351
ASASSN-15jl,-999,-999,0.03468,0.03492
1992bg,-999,-999,0.03525,0.03574
2005eu,-999,-999,0.03449,0.03369
2005eu,-999,-999,0.03449,0.03369
2008at,-999,-999,0.03472,0.03497
ASASSN-15tg,-999,-999,0.03561,0.03445
2007hu,-999,-999,0.03518,0.03518
PTSS-16efw,-999,-999,0.03557,0.03542
2016fbk,-999,-999,0.03587,0.03495
AT2016fbk,-999,-999,0.03587,0.03495
1994T,-999,-999,0.03457,0.03564
ASASSN-15mi,-999,-999,0.03442,0.03501
ASASSN-15ss,-999,-999,0.03556,0.03592
2001ck,-999,-999,0.03483,0.03544
PS15bbn,-999,-999,0.0371,0.03602
ASASSN-15lu,-999,-999,0.03505,0.03577
2008hj,-999,-999,0.03761,0.03643
2008hj,-999,-999,0.03761,0.03643
2000dg,-999,-999,0.03849,0.03725
2002G,-999,-999,0.03548,0.03631
2002G,-999,-999,0.03548,0.03631
2006mo,-999,-999,0.03719,0.03616
2008ei,-999,-999,0.03766,0.03654
2002hu,-999,-999,0.0367,0.03591
2000cf,-999,-999,0.03642,0.03646
2001eh,-999,-999,0.03713,0.03627
2001eh,-999,-999,0.03713,0.03627
ASASSN-16db,-999,-999,0.03486,0.03589
AT2016hns,-999,-999,0.03817,0.03704
ASASSN-15bc,-999,-999,0.03672,0.03639
2007jg,-999,-999,0.03707,0.03652
2007jg,-999,-999,0.03707,0.03652
AT2016cvw,-999,-999,0.03888,0.03761
2002eu,-999,-999,0.03763,0.03672
2008gb,-999,-999,0.037,0.03641
2007O,-999,-999,0.03694,0.03732
2007O,-999,-999,0.03694,0.03732
2008fr,-999,-999,0.039,0.0379
SN2017ciy,-999,-999,0.03765,0.03762
2008O,-999,-999,0.03889,0.0394
2009bv,-999,-999,0.03667,0.03748
2008051,-999,-999,0.03777,0.03835
ASASSN-15np,-999,-999,0.03768,0.03832
2010dw,-999,-999,0.03812,0.03871
ASASSN-15pn,-999,-999,0.03836,0.038
1999aw,-999,-999,0.038,0.03928
2008dr,-999,-999,0.04119,0.03996
PS15cze,-999,-999,0.03937,0.03891
2003fa,-999,-999,0.04039,0.04015
2003fa,-999,-999,0.04039,0.04015
SN2016glz,-999,-999,0.04099,0.03975
PS16axi,-999,-999,0.0393,0.04056
SN2017coa,-999,-999,0.04,0.04045
2009do,-999,-999,0.03964,0.04027
2001az,-999,-999,0.04069,0.04059
2007jh,-999,-999,0.04075,0.04023
1992bl,-999,-999,0.04359,0.0428
2014bj,-999,-999,0.043,0.04239
2006cf,-999,-999,0.04146,0.04223
2006cz,-999,-999,0.04175,0.04251
2007kk,-999,-999,0.04177,0.0413
2007kk,-999,-999,0.04177,0.0413
AT2016htm,-999,-999,0.04332,0.04265
ASASSN-16ct,-999,-999,0.04191,0.04252
SN2016ayg,-999,-999,0.04269,0.04328
2007nq,-999,-999,0.04389,0.04275
2007nq,-999,-999,0.04389,0.04275
MASTERJ0134,-999,-999,0.04485,0.04391
ASASSN-15mg,-999,-999,0.04277,0.04307
AT2016cvv,-999,-999,0.04457,0.04404
2005ku,-999,-999,0.04525,0.04397
1992bh,-999,-999,0.045,0.0451
2006gt,-999,-999,0.0448,0.04366
2006hx,-999,-999,0.04539,0.04429
PS16cqa,-999,-999,0.04385,0.04433
PSNJ1204051,-999,-999,0.04385,0.04502
2005hc,-999,-999,0.04592,0.04496
2005hc,-999,-999,0.04592,0.04496
SN2016esh,-999,-999,0.04457,0.04488
PS17tn,-999,-999,0.0447,0.04549
2008050,-999,-999,0.04526,0.04627
AT2016ews,-999,-999,0.04555,0.04612
2005lz,-999,-999,0.04624,0.04541
360156,-999,-999,0.04551,0.04673
2004gu,-999,-999,0.04558,0.0467
2008cf,-999,-999,0.04603,0.04692
2008cf,-999,-999,0.04603,0.04692
AT2017yk,-999,-999,0.04644,0.04764
2016afk,-999,-999,0.0456,0.04677
PS16fa,-999,-999,0.04611,0.04734
PS15aii,-999,-999,0.04655,0.04768
PS17akj,-999,-999,0.04681,0.0478
ATLAS16agv,-999,-999,0.04779,0.04777
ASASSN-15pm,-999,-999,0.04879,0.04777
1995ac,-999,-999,0.0499,0.04867
AT2016gmg,-999,-999,0.04944,0.04839
1990af,-999,-999,0.05057,0.05018
PS16el,-999,-999,0.0478,0.04896
2006cq,-999,-999,0.04844,0.04928
1993ag,-999,-999,0.04909,0.05019
PS15asb,-999,-999,0.04863,0.04952
1998dx,-999,-999,0.05014,0.0498
PS16dnp,-999,-999,0.05127,0.04998
2007kh,-999,-999,0.05,0.04944
ASASSN-17eb,-999,-999,0.04924,0.0497
PS15brr,-999,-999,0.0518,0.05063
2008hu,-999,-999,0.04981,0.05071
AT2016cor,-999,-999,0.04954,0.04995
PS16fbb,-999,-999,0.0525,0.05139
2003ic,-999,-999,0.05311,0.05196
ASASSN-16hc,-999,-999,0.05093,0.05165
1993O,-999,-999,0.05051,0.05148
2006ot,-999,-999,0.0531,0.05232
2006ot,-999,-999,0.0531,0.05232
AT2016htn,-999,-999,0.05312,0.05229
PS16evk,-999,-999,0.05447,0.0532
PS16n,-999,-999,0.05273,0.05268
2010dt,-999,-999,0.05287,0.05291
2006lu,-999,-999,0.0534,0.05449
PS16bby,-999,-999,0.05343,0.0543
PS16ayd,-999,-999,0.05399,0.05485
SN2017cpu,-999,-999,0.0544,0.05529
490007,-999,-999,0.05439,0.05513
AT2017oz,-999,-999,0.05569,0.05641
2006py,-999,-999,0.05787,0.05658
PS16aer,-999,-999,0.05547,0.05668
2005hj,-999,-999,0.05739,0.05631
2008eq,-999,-999,0.0568,0.0568
2006ob,-999,-999,0.0586,0.0576
2006ob,-999,-999,0.0586,0.0576
SN2016gmb,-999,-999,0.05827,0.05708
2001ah,-999,-999,0.05776,0.05837
2001ah,-999,-999,0.05776,0.05837
LSQ13crf,-999,-999,0.06,0.05934
SN2017cjv,-999,-999,0.05953,0.06079
2008bz,-999,-999,0.06015,0.0613
2008bz,-999,-999,0.06015,0.0613
SN2016hhv,-999,-999,0.06194,0.06067
2008go,-999,-999,0.06227,0.06116
2008go,-999,-999,0.06227,0.06116
2006oa,-999,-999,0.06257,0.06142
1992bs,-999,-999,0.06405,0.0637
SN2016aqb,-999,-999,0.06289,0.06419
PS16bnz,-999,-999,0.0627,0.06398
2007ae,-999,-999,0.06499,0.06485
PS15cms,-999,-999,0.06479,0.06603
6057,-9,-9,0.06707,0.06652
SN2016ixf,-999,-999,0.06602,0.06723
AT2016aj,-999,-999,0.06741,0.06731
PS15bjg,-999,-999,0.06889,0.06758
CSS160129,-999,-999,0.06766,0.06841
2006al,-999,-999,0.0678,0.06908
PTSS17-niq,-999,-999,0.06828,0.0691
1993B,-999,-999,0.0696,0.07076
2008Y,-999,-999,0.06965,0.07028
2008Y,-999,-999,0.06965,0.07028
PS17yt,-999,-999,0.06976,0.07046
PS16em,-999,-999,0.06981,0.07113
2006on,-999,-999,0.07191,0.07068
470043,-999,-999,0.07,0.07061
ATLAS16bwu,-999,-999,0.0718,0.07074
PS15bdr,-999,-999,0.07096,0.07094
PS15bwh,-999,-999,0.07267,0.07149
370566,-999,-999,0.0708,0.07134
PS15mt,-999,-999,0.07085,0.07193
2007jd,-999,-999,0.07268,0.07196
PS15atx,-999,-999,0.07188,0.07301
Gaia16aki,-999,-999,0.07363,0.07398
1992ae,-999,-999,0.0752,0.07478
PS17bii,-999,-999,0.07339,0.07467
7876,-9,-9,0.07602,0.0749
2005ir,-999,-999,0.07602,0.0749
2010hs,-999,-999,0.076,0.07514
AT2016gsu,-999,-999,0.07642,0.07529
370333,-999,-999,0.075,0.07557
PS15bif,-999,-999,0.07937,0.07855
Gaia16acv,-999,-999,0.07772,0.07833
17186,-9,-9,0.07944,0.07849
2007hx,-999,-999,0.07944,0.07849
560033,-999,-999,0.08,0.07869
12779,-9,-9,0.07995,0.07891
PS15bzz,-999,-999,0.08024,0.07901
350316,-999,-999,0.079,0.07966
2005ag,-999,-999,0.07954,0.08024
12950,-9,-9,0.08273,0.08141
130308,-999,-999,0.08177,0.08221
12898,-9,-9,0.08358,0.08255
12781,-9,-9,0.08408,0.08282
SN2016glp,-999,-999,0.08493,0.08366
3592,-9,-9,0.08658,0.08544
SN2016grz,-999,-999,0.08748,0.08656
1241,-9,-9,0.08979,0.08848
590194,-999,-999,0.08951,0.09015
370066,-999,-999,0.09,0.09066
300105,-999,-999,0.09314,0.09181
iPTF17dz,-999,-999,0.092,0.09284
010010,-999,-999,0.0984,0.09968
160099,-999,-999,0.10102,0.10142
000190,-999,-999,0.1011,0.10237
140181,-999,-999,0.10154,0.10231
100405,-999,-999,0.1034,0.10298
13135,-9,-9,0.10467,0.10338
20064,-9,-9,0.10484,0.10351
13038,-9,-9,0.1062,0.10485
18697,-9,-9,0.10762,0.10638
20625,-9,-9,0.10813,0.10684
3256,-9,-9,0.10822,0.10694
120225,-999,-999,0.106,0.10728
21034,-9,-9,0.10855,0.10751
500038,-999,-999,0.10682,0.1081
7147,-9,-9,0.11022,0.10886
020027,-999,-999,0.1091,0.10988
18650,-9,-9,0.11371,0.11243
18612,-9,-9,0.11489,0.11365
8719,-9,-9,0.11757,0.11628
5395,-9,-9,0.117,0.11635
2561,-9,-9,0.11813,0.11741
16259,-9,-9,0.11908,0.11771
1371,-9,-9,0.11934,0.11797
000137,-999,-999,0.1182,0.11878
5549,-9,-9,0.12124,0.11992
12860,-9,-9,0.12168,0.12042
490008,-999,-999,0.12,0.12067
19953,-9,-9,0.12323,0.1219
390259,-999,-999,0.122,0.12208
18835,-9,-9,0.12319,0.12262
2916,-9,-9,0.1242,0.12303
16021,-9,-9,0.1246,0.12336
13894,-9,-9,0.1249,0.12356
570062,-999,-999,0.125,0.12363
6406,-9,-9,0.12449,0.12377
19543,-9,-9,0.1252,0.12384
13044,-9,-9,0.12588,0.12455
15459,-9,-9,0.12679,0.12542
2992,-9,-9,0.12661,0.12608
16069,-9,-9,0.12825,0.12688
744,-9,-9,0.12825,0.12694
14871,-9,-9,0.1276,0.12705
18855,-9,-9,0.12783,0.12716
22075,-9,-9,0.13003,0.129
1032,-9,-9,0.12976,0.12904
5751,-9,-9,0.13056,0.12929
18415,-9,-9,0.13077,0.1294
18809,-9,-9,0.13216,0.13153
151034,-999,-999,0.1319,0.13269
1334084,-999,-999,0.13431,0.13349
15508,-9,-9,0.13461,0.13353
14108,-9,-9,0.1352,0.13463
15234,-9,-9,0.13636,0.13514
000014,-999,-999,0.1369,0.13599
17629,-9,-9,0.13742,0.1364
19775,-9,-9,0.13809,0.13687
18602,-9,-9,0.13834,0.13696
21062,-9,-9,0.13864,0.13729
17366,-9,-9,0.13929,0.13811
15171,-9,-9,0.1392,0.13818
190340,-999,-999,0.1396,0.13824
20084,-9,-9,0.13973,0.13834
12928,-9,-9,0.1397,0.13868
190230,-999,-999,0.14,0.13864
090275,-999,-999,0.14,0.13959
1794,-9,-9,0.14191,0.1407
17208,-9,-9,0.1422,0.14084
340229,-999,-999,0.142,0.14108
1317666,-999,-999,0.1421,0.1412
2635,-9,-9,0.1437,0.14311
17568,-9,-9,0.1445,0.14335
190260,-999,-999,0.1448,0.14344
17497,-9,-9,0.14479,0.14388
8921,-9,-9,0.14539,0.1441
17605,-9,-9,0.14643,0.14533
1296657,-999,-999,0.14715,0.14624
440008,-999,-999,0.147,0.14656
1316385,-999,-999,0.14784,0.14741
13796,-9,-9,0.1487,0.14729
14024,-9,-9,0.14881,0.14759
180166,-999,-999,0.1475,0.14757
1293758,-999,-999,0.14896,0.14812
14437,-9,-9,0.14927,0.14792
1255502,-999,-999,0.14915,0.14819
13736,-9,-9,0.15021,0.14882
2308,-9,-9,0.1502,0.14923
000038,-999,-999,0.1513,0.15036
460003,-999,-999,0.15,0.15067
2031,-9,-9,0.153,0.15186
18323,-9,-9,0.15408,0.15272
15132,-9,-9,0.15438,0.15304
18740,-9,-9,0.15441,0.15317
19353,-9,-9,0.15406,0.15325
16073,-9,-9,0.15472,0.15339
5550,-9,-9,0.15629,0.15493
16116,-9,-9,0.15649,0.15509
18030,-9,-9,0.15653,0.15518
19940,-9,-9,0.1571,0.15591
13354,-9,-9,0.15763,0.15654
16206,-9,-9,0.15973,0.15838
440042,-999,-999,0.16,0.15906
14782,-9,-9,0.1604,0.15922
15425,-9,-9,0.1599,0.15935
1299775,-999,-999,0.16051,0.16009
3317,-9,-9,0.16101,0.15991
2689,-9,-9,0.16149,0.16036
390627,-999,-999,0.16,0.16045
5103,-9,-9,0.16199,0.1606
120336,-999,-999,0.16,0.16134
17825,-9,-9,0.1632,0.1622
19174,-9,-9,0.1647,0.16357
3087,-9,-9,0.16551,0.16431
19616,-9,-9,0.16549,0.16455
20764,-9,-9,0.1659,0.16478
20430,-9,-9,0.1671,0.16593
12843,-9,-9,0.16725,0.16595
12853,-9,-9,0.1694,0.16817
350233,-999,-999,0.168,0.16935
17389,-9,-9,0.1709,0.1696
12856,-9,-9,0.17167,0.17029
590005,-999,-999,0.17,0.17137
310039,-999,-999,0.1725,0.17156
19282,-9,-9,0.1738,0.17239
1303279,-999,-999,0.17315,0.17274
100090,-999,-999,0.1721,0.17282
3080,-9,-9,0.17441,0.17315
15897,-9,-9,0.17489,0.17357
120143,-999,-999,0.173,0.1736
15648,-9,-9,0.17501,0.17383
14421,-9,-9,0.17504,0.174
16165,-9,-9,0.1751,0.17405
5350,-9,-9,0.1754,0.17431
15583,-9,-9,0.1752,0.17427
19969,-9,-9,0.17532,0.17428
18604,-9,-9,0.17626,0.17483
14979,-9,-9,0.1771,0.17654
17218,-9,-9,0.17839,0.17697
14451,-9,-9,0.1784,0.17729
17220,-9,-9,0.17903,0.17769
370428,-999,-999,0.177,0.1778
5635,-9,-9,0.17979,0.17839
6936,-9,-9,0.18021,0.1789
300179,-999,-999,0.1804,0.17896
13045,-9,-9,0.1806,0.17916
1347120,-999,-999,0.18,0.17955
2372,-9,-9,0.18047,0.17959
1303496,-999,-999,0.18021,0.17979
13254,-9,-9,0.18075,0.1799
14284,-9,-9,0.18107,0.18037
420159,-999,-999,0.182,0.18059
330023,-999,-999,0.1816,0.18064
350548,-999,-999,0.18,0.18067
360112,-999,-999,0.18,0.18071
17215,-9,-9,0.18137,0.1808
370595,-999,-999,0.18,0.18138
15443,-9,-9,0.18191,0.18123
1339392,-999,-999,0.18191,0.18148
17332,-9,-9,0.18284,0.18203
1580,-9,-9,0.18293,0.18216
1250017,-999,-999,0.18299,0.18217
15453,-9,-9,0.1837,0.18243
17391,-9,-9,0.1849,0.18345
1257695,-999,-999,0.18472,0.18383
17168,-9,-9,0.18519,0.18376
20048,-9,-9,0.18531,0.18388
1296321,-999,-999,0.18531,0.18444
15421,-9,-9,0.18545,0.18443
8213,-9,-9,0.18611,0.18468
15461,-9,-9,0.18617,0.18482
1336453,-999,-999,0.18579,0.18492
6422,-9,-9,0.18645,0.18501
16281,-9,-9,0.18651,0.18507
370563,-999,-999,0.184,0.18538
15365,-9,-9,0.18796,0.18651
18807,-9,-9,0.1879,0.18714
5994,-9,-9,0.1892,0.18801
12927,-9,-9,0.18978,0.18892
16100,-9,-9,0.19,0.18893
1273127,-999,-999,0.19024,0.18937
18787,-9,-9,0.19023,0.18915
18749,-9,-9,0.19064,0.18931
440643,-999,-999,0.19,0.18955
6304,-9,-9,0.19094,0.18979
762,-9,-9,0.19138,0.19009
20687,-9,-9,0.19154,0.19026
2440,-9,-9,0.19114,0.1903
16276,-9,-9,0.1952,0.19397
2246,-9,-9,0.1949,0.19422
20821,-9,-9,0.1959,0.19534
1253920,-999,-999,0.19599,0.19556
14984,-9,-9,0.1967,0.19549
15674,-9,-9,0.197,0.19555
000236,-999,-999,0.1953,0.19602
15129,-9,-9,0.19739,0.19611
1298893,-999,-999,0.19712,0.19616
1334620,-999,-999,0.1972,0.19624
13070,-9,-9,0.19863,0.19719
18804,-9,-9,0.19843,0.19726
1302058,-999,-999,0.1983,0.19786
15222,-9,-9,0.19943,0.19801
1316431,-999,-999,0.199,0.19815
13370,-9,-9,0.1996,0.19846
360145,-999,-999,0.198,0.1986
19658,-9,-9,0.2,0.19863
18768,-9,-9,0.2002,0.19892
110460,-999,-999,0.2,0.19956
500504,-999,-999,0.199,0.19948
560150,-999,-999,0.201,0.19957
19101,-9,-9,0.202,0.20062
470232,-999,-999,0.2,0.20068
370308,-999,-999,0.2,0.20074
590002,-999,-999,0.2,0.20139
13152,-9,-9,0.20355,0.20216
19913,-9,-9,0.2038,0.20237
6780,-9,-9,0.20406,0.20268
14212,-9,-9,0.20449,0.20308
15203,-9,-9,0.20444,0.20314
16032,-9,-9,0.204,0.20318
7243,-9,-9,0.20462,0.20323
15901,-9,-9,0.20474,0.20368
18965,-9,-9,0.20587,0.20454
110033,-999,-999,0.2057,0.20471
17801,-9,-9,0.2064,0.20515
15872,-9,-9,0.20646,0.20549
1327978,-999,-999,0.20786,0.20699
15201,-9,-9,0.20881,0.20736
1283373,-999,-999,0.20797,0.20754
20376,-9,-9,0.20961,0.20831
15467,-9,-9,0.20978,0.20847
200132,-999,-999,0.21,0.20856
15259,-9,-9,0.21003,0.20857
140152,-999,-999,0.208,0.20864
16482,-9,-9,0.21077,0.20937
550154,-999,-999,0.211,0.21003
19149,-9,-9,0.21131,0.21023
460105,-999,-999,0.21,0.21071
14157,-9,-9,0.2115,0.21083
18940,-9,-9,0.21236,0.21099
1257366,-999,-999,0.21182,0.21137
7847,-9,-9,0.21266,0.2116
17811,-9,-9,0.2132,0.21186
18927,-9,-9,0.2129,0.21214
13305,-9,-9,0.21481,0.21339
8495,-9,-9,0.21498,0.21353
6933,-9,-9,0.2152,0.21383
110567,-999,-999,0.2149,0.21442
1249851,-999,-999,0.21552,0.21511
14019,-9,-9,0.2164,0.21513
1316,-9,-9,0.21711,0.21566
100206,-999,-999,0.217,0.21653
17435,-9,-9,0.218,0.21674
7473,-9,-9,0.2182,0.21677
20364,-9,-9,0.21846,0.21729
13641,-9,-9,0.2193,0.21781
1290816,-999,-999,0.21892,0.21848
1304678,-999,-999,0.21927,0.21884
9467,-9,-9,0.22027,0.21885
5533,-9,-9,0.22028,0.21887
1342255,-999,-999,0.21976,0.21886
1302187,-999,-999,0.21992,0.21943
15433,-9,-9,0.22068,0.21935
000220,-999,-999,0.2184,0.21982
18466,-9,-9,0.2204,0.21967
14331,-9,-9,0.22116,0.21976
19230,-9,-9,0.2215,0.22005
7512,-9,-9,0.2212,0.22055
15354,-9,-9,0.2221,0.22069
370098,-999,-999,0.22,0.22141
480464,-999,-999,0.22,0.22141
1331123,-999,-999,0.22248,0.22157
13025,-9,-9,0.22436,0.22287
14846,-9,-9,0.22476,0.22335
330083,-999,-999,0.223,0.22373
1304442,-999,-999,0.225,0.22451
550096,-999,-999,0.225,0.22451
1292560,-999,-999,0.22582,0.22482
030066,-999,-999,0.2241,0.22552
13727,-9,-9,0.22664,0.22534
15229,-9,-9,0.2268,0.22536
020096,-999,-999,0.225,0.22563
19992,-9,-9,0.2278,0.22632
1315192,-999,-999,0.228,0.22714
1315259,-999,-999,0.22896,0.22806
180561,-999,-999,0.23,0.22853
13072,-9,-9,0.23063,0.22917
3452,-9,-9,0.23114,0.22967
21033,-9,-9,0.2312,0.23006
000006,-999,-999,0.2309,0.23044
040780,-999,-999,0.2306,0.23066
19008,-9,-9,0.2322,0.23075
360140,-999,-999,0.23,0.23083
17875,-9,-9,0.23237,0.23111
430004,-999,-999,0.233,0.2315
1302648,-999,-999,0.23259,0.23171
1275946,-999,-999,0.233,0.23212
15369,-9,-9,0.2342,0.23269
1292336,-999,-999,0.23446,0.23356
350047,-999,-999,0.233,0.23364
1336687,-999,-999,0.2348,0.23381
12971,-9,-9,0.23524,0.23381
110536,-999,-999,0.2352,0.23475
1279500,-999,-999,0.23568,0.23471
1319366,-999,-999,0.23572,0.23483
1298281,-999,-999,0.236,0.23508
19341,-9,-9,0.23676,0.23543
15287,-9,-9,0.23768,0.2363
310574,-999,-999,0.238,0.23649
13511,-9,-9,0.23744,0.23653
12881,-9,-9,0.23811,0.23671
16350,-9,-9,0.23822,0.23684
1317277,-999,-999,0.2381,0.23711
20768,-9,-9,0.23826,0.23735
17884,-9,-9,0.23893,0.23776
470008,-999,-999,0.24,0.23954
18486,-9,-9,0.2403,0.23971
510251,-999,-999,0.24,0.24004
580300,-999,-999,0.24,0.24072
510550,-999,-999,0.241,0.24106
460064,-999,-999,0.242,0.24153
17223,-9,-9,0.2427,0.24151
14481,-9,-9,0.24354,0.24207
20111,-9,-9,0.24419,0.24267
480064,-999,-999,0.242,0.24271
20088,-9,-9,0.24453,0.24316
13506,-9,-9,0.24462,0.24341
19023,-9,-9,0.2452,0.24405
15466,-9,-9,0.24567,0.24436
3377,-9,-9,0.2451,0.24449
000174,-999,-999,0.2443,0.24497
420407,-999,-999,0.2466,0.24512
20039,-9,-9,0.24681,0.24539
000010,-999,-999,0.2445,0.24594
13835,-9,-9,0.24749,0.24604
15219,-9,-9,0.24742,0.24637
12977,-9,-9,0.2478,0.24643
05D3mq,-999,-999,0.246,0.24649
1334645,-999,-999,0.248,0.24701
3451,-9,-9,0.24984,0.24835
420087,-999,-999,0.25,0.24848
450082,-999,-999,0.25,0.24848
560152,-999,-999,0.25,0.24851
15161,-9,-9,0.24956,0.24853
19990,-9,-9,0.24988,0.24883
120585,-999,-999,0.25,0.24899
3199,-9,-9,0.2511,0.24961
16106,-9,-9,0.2512,0.24973
15868,-9,-9,0.25072,0.24974
520077,-999,-999,0.25,0.25004
390449,-999,-999,0.25,0.25008
13689,-9,-9,0.25177,0.2503
5717,-9,-9,0.2517,0.25037
500004,-999,-999,0.25,0.25052
16213,-9,-9,0.2522,0.25077
17552,-9,-9,0.25329,0.25191
310161,-999,-999,0.254,0.25247
9032,-9,-9,0.254,0.25249
000034,-999,-999,0.2542,0.25319
17464,-9,-9,0.2549,0.25345
5736,-9,-9,0.2552,0.25394
1336480,-999,-999,0.25695,0.25605
1112,-9,-9,0.25761,0.25609
17340,-9,-9,0.25717,0.25625
9457,-9,-9,0.25823,0.25672
19207,-9,-9,0.2587,0.25721
18325,-9,-9,0.25866,0.25723
8046,-9,-9,0.25857,0.2576
6108,-9,-9,0.2595,0.258
550041,-999,-999,0.26,0.25847
1297026,-999,-999,0.25956,0.25855
1303883,-999,-999,0.26,0.25911
1289664,-999,-999,0.26,0.25908
1335694,-999,-999,0.26,0.25912
12972,-9,-9,0.2608,0.25935
1330426,-999,-999,0.26,0.25954
020176,-999,-999,0.26,0.26051
370498,-999,-999,0.26,0.26086
15440,-9,-9,0.26226,0.2613
1337649,-999,-999,0.26238,0.26151
2017,-9,-9,0.26309,0.26162
19702,-9,-9,0.2624,0.26162
1253,-9,-9,0.26307,0.26166
13655,-9,-9,0.2627,0.26173
18945,-9,-9,0.2633,0.26187
13956,-9,-9,0.2642,0.2629
520019,-999,-999,0.263,0.26309
04D3ez,-999,-999,0.263,0.26348
350235,-999,-999,0.263,0.26384
330022,-999,-999,0.2649,0.26386
12983,-9,-9,0.26531,0.26395
2943,-9,-9,0.2654,0.26405
110478,-999,-999,0.2651,0.26462
13099,-9,-9,0.26602,0.26451
2422,-9,-9,0.2672,0.2657
6315,-9,-9,0.267,0.26576
1334087,-999,-999,0.26722,0.26629
18463,-9,-9,0.26822,0.26687
1309288,-999,-999,0.26838,0.26794
520023,-999,-999,0.268,0.26804
530037,-999,-999,0.27,0.2685
06D3fp,-999,-999,0.268,0.26848
14298,-9,-9,0.2701,0.26879
510638,-999,-999,0.27,0.27006
19002,-9,-9,0.271,0.2701
310051,-999,-999,0.272,0.27045
160039,-999,-999,0.27,0.27085
380378,-999,-999,0.2708,0.27129
1292332,-999,-999,0.27358,0.27265
15356,-9,-9,0.27493,0.2734
420258,-999,-999,0.276,0.27444
100213,-999,-999,0.2756,0.27511
150254,-999,-999,0.2742,0.27508
20227,-9,-9,0.2773,0.27574
19051,-9,-9,0.27775,0.27619
4000,-9,-9,0.2777,0.27656
4046,-9,-9,0.2792,0.27764
1297465,-999,-999,0.27836,0.27784
5957,-9,-9,0.28031,0.27924
6196,-9,-9,0.28134,0.2798
040201,-999,-999,0.279,0.27987
520188,-999,-999,0.28,0.28049
18485,-9,-9,0.282,0.28122
1317286,-999,-999,0.283,0.28198
06D3dt,-999,-999,0.28205,0.28256
15584,-9,-9,0.28422,0.28333
310238,-999,-999,0.285,0.28395
14261,-9,-9,0.28585,0.28436
16072,-9,-9,0.28586,0.28434
17791,-9,-9,0.2862,0.28468
440050,-999,-999,0.287,0.28547
350080,-999,-999,0.285,0.28577
20040,-9,-9,0.28805,0.28655
20245,-9,-9,0.2888,0.28723
17809,-9,-9,0.28896,0.28746
19128,-9,-9,0.2892,0.28763
1334644,-999,-999,0.2891,0.28806
1313594,-999,-999,0.2894,0.28835
091869,-999,-999,0.29,0.28843
2165,-9,-9,0.2902,0.28882
2789,-9,-9,0.29048,0.2889
1334597,-999,-999,0.29,0.28896
1310395,-999,-999,0.29,0.28899
350180,-999,-999,0.29,0.28952
1289288,-999,-999,0.29093,0.29001
570056,-999,-999,0.291,0.28998
19596,-9,-9,0.291,0.29036
19027,-9,-9,0.29263,0.29114
1291090,-999,-999,0.29292,0.29199
1263715,-999,-999,0.29279,0.29186
12841,-9,-9,0.29349,0.29208
390264,-999,-999,0.292,0.29208
21006,-9,-9,0.2932,0.29241
420414,-999,-999,0.294,0.29246
150509,-999,-999,0.2927,0.2928
130755,-999,-999,0.292,0.29291
6249,-9,-9,0.29506,0.29354
1303004,-999,-999,0.296,0.29496
19794,-9,-9,0.29724,0.29568
580270,-999,-999,0.295,0.29576
1119,-9,-9,0.2978,0.29639
13610,-9,-9,0.29831,0.29683
1293319,-999,-999,0.2979,0.29687
420196,-999,-999,0.3,0.29842
570025,-999,-999,0.3,0.29845
6137,-9,-9,0.3001,0.29888
10550,-9,-9,0.30081,0.29923
120444,-999,-999,0.3,0.29947
14735,-9,-9,0.30044,0.29936
170428,-999,-999,0.3,0.30007
5391,-9,-9,0.3009,0.30022
350078,-999,-999,0.3,0.30078
350192,-999,-999,0.3,0.3015
570022,-999,-999,0.303,0.30141
460037,-999,-999,0.303,0.30254
1339002,-999,-999,0.304,0.30296
150457,-999,-999,0.3027,0.30339
7143,-9,-9,0.30514,0.30354
1287626,-999,-999,0.305,0.30396
19818,-9,-9,0.30503,0.30395
1335717,-999,-999,0.30528,0.30478
1259412,-999,-999,0.30581,0.30477
12883,-9,-9,0.3065,0.30519
350630,-999,-999,0.3046,0.30525
440005,-999,-999,0.306,0.30551
350027,-999,-999,0.305,0.30568
560087,-999,-999,0.308,0.30641
340334,-999,-999,0.306,0.30668
1281668,-999,-999,0.30791,0.30697
520062,-999,-999,0.308,0.30805
5966,-9,-9,0.30963,0.30822
1319821,-999,-999,0.30929,0.30881
6699,-9,-9,0.3106,0.30915
5844,-9,-9,0.3108,0.3093
16211,-9,-9,0.31099,0.30939
21042,-9,-9,0.3109,0.30955
1300516,-999,-999,0.31151,0.31043
15213,-9,-9,0.3112,0.31053
500100,-999,-999,0.31,0.31077
000420,-999,-999,0.31,0.31152
1338128,-999,-999,0.3128,0.31185
1337838,-999,-999,0.313,0.31195
1263369,-999,-999,0.31343,0.31252
1294743,-999,-999,0.31363,0.31258
20142,-9,-9,0.3139,0.31259
1283878,-999,-999,0.3139,0.31287
1341894,-999,-999,0.31401,0.31294
19632,-9,-9,0.31475,0.31377
530112,-999,-999,0.316,0.31444
15383,-9,-9,0.31606,0.31495
6649,-9,-9,0.3162,0.31509
110716,-999,-999,0.315,0.31577
15776,-9,-9,0.31696,0.31582
6100,-9,-9,0.3177,0.31613
100163,-999,-999,0.3188,0.31773
1345553,-999,-999,0.31902,0.31795
080646,-999,-999,0.3197,0.31813
550059,-999,-999,0.32,0.31839
310188,-999,-999,0.32,0.31893
440509,-999,-999,0.32,0.31892
170078,-999,-999,0.32,0.32089
330128,-999,-999,0.322,0.32095
1266657,-999,-999,0.322,0.32108
120085,-999,-999,0.3206,0.32214
580104,-999,-999,0.3232,0.32214
1261579,-999,-999,0.3232,0.32214
7475,-9,-9,0.3242,0.32265
05D2ab,-999,-999,0.323,0.32454
050291,-999,-999,0.3253,0.32535
500301,-999,-999,0.325,0.3255
18617,-9,-9,0.32732,0.3257
1305626,-999,-999,0.3268,0.32573
1308326,-999,-999,0.32717,0.32622
14456,-9,-9,0.32956,0.32794
050303,-999,-999,0.3282,0.32829
530219,-999,-999,0.33,0.32838
430003,-999,-999,0.33,0.32843
1337687,-999,-999,0.32917,0.3287
1306073,-999,-999,0.32964,0.32859
6924,-9,-9,0.3302,0.3286
1316465,-999,-999,0.32961,0.3291
13934,-9,-9,0.33093,0.32931
540163,-999,-999,0.3305,0.32943
1301933,-999,-999,0.33065,0.3296
13830,-9,-9,0.33147,0.32985
120369,-999,-999,0.329,0.33055
1338675,-999,-999,0.33153,0.33048
4241,-9,-9,0.332,0.33052
480184,-999,-999,0.33,0.3308
370394,-999,-999,0.33,0.3308
03D1fc,-999,-999,0.332,0.33094
580235,-999,-999,0.33,0.33154
20106,-9,-9,0.333,0.33137
370344,-999,-999,0.33,0.33155
470041,-999,-999,0.331,0.33179
1306141,-999,-999,0.33286,0.3324
130862,-999,-999,0.332,0.3329
1309492,-999,-999,0.33403,0.33353
1346956,-999,-999,0.334,0.33353
16093,-9,-9,0.33603,0.33439
500511,-999,-999,0.334,0.3349
1346966,-999,-999,0.33558,0.33513
1314897,-999,-999,0.33769,0.33663
470015,-999,-999,0.338,0.33752
040782,-999,-999,0.3373,0.33739
04D3kr,-999,-999,0.337,0.33753
1300912,-999,-999,0.33834,0.3378
380318,-999,-999,0.3367,0.33825
580276,-999,-999,0.339,0.33851
1343337,-999,-999,0.33947,0.339
04D3nh,-999,-999,0.34,0.34051
320258,-999,-999,0.342,0.3409
2533,-9,-9,0.3422,0.34101
1336009,-999,-999,0.3427,0.34176
1346387,-999,-999,0.345,0.34448
350606,-999,-999,0.345,0.3445
1329312,-999,-999,0.34586,0.34479
470110,-999,-999,0.346,0.34547
03D1bp,-999,-999,0.347,0.34594
310090,-999,-999,0.3485,0.34686
050301,-999,-999,0.347,0.34704
330089,-999,-999,0.3498,0.34872
160198,-999,-999,0.3489,0.34899
1258906,-999,-999,0.35013,0.34918
070955,-999,-999,0.3491,0.3492
380279,-999,-999,0.3479,0.34946
04D2mc,-999,-999,0.348,0.34957
05D2ie,-999,-999,0.348,0.34956
440185,-999,-999,0.35,0.34952
20186,-9,-9,0.3512,0.34957
1248677,-999,-999,0.35067,0.35017
000196,-999,-999,0.3491,0.35066
050296,-999,-999,0.3508,0.35087
05D2hc,-999,-999,0.35,0.35157
120400,-999,-999,0.35,0.35156
160197,-999,-999,0.3535,0.35361
05D2mp,-999,-999,0.3537,0.35527
1688,-9,-9,0.35916,0.35767
1334423,-999,-999,0.35888,0.35791
04D3fk,-999,-999,0.3578,0.35833
04D2fs,-999,-999,0.357,0.35858
1280217,-999,-999,0.36,0.35901
160070,-999,-999,0.3589,0.35897
1307830,-999,-999,0.36,0.35949
050293,-999,-999,0.36,0.36005
160126,-999,-999,0.3595,0.36023
470244,-999,-999,0.36,0.36081
420417,-999,-999,0.363,0.36138
1294014,-999,-999,0.36367,0.36272
1346137,-999,-999,0.36379,0.36326
560121,-999,-999,0.366,0.36491
100358,-999,-999,0.3678,0.36613
190209,-999,-999,0.3681,0.36648
1308582,-999,-999,0.36812,0.36705
350083,-999,-999,0.367,0.3678
04D1hd,-999,-999,0.369,0.36791
1343533,-999,-999,0.36947,0.36844
1283936,-999,-999,0.3696,0.36862
15704,-9,-9,0.37055,0.36952
18091,-9,-9,0.37114,0.36977
510578,-999,-999,0.37,0.37012
04D2cf,-999,-999,0.369,0.37059
05D4bm,-999,-999,0.372,0.37051
13136,-9,-9,0.37206,0.37046
05D3jr,-999,-999,0.37,0.37053
390471,-999,-999,0.37,0.37053
320469,-999,-999,0.372,0.37087
1291957,-999,-999,0.37244,0.37143
000199,-999,-999,0.37,0.3716
05D4fo,-999,-999,0.373,0.3715
05D4cw,-999,-999,0.375,0.37351
16232,-9,-9,0.37573,0.37426
1299643,-999,-999,0.37727,0.37678
1282736,-999,-999,0.37908,0.37798
590031,-999,-999,0.377,0.37859
7779,-9,-9,0.3812,0.37986
320099,-999,-999,0.381,0.37989
500057,-999,-999,0.38,0.38052
110425,-999,-999,0.38,0.38083
1299785,-999,-999,0.38182,0.38131
000011,-999,-999,0.38,0.3816
040150,-999,-999,0.381,0.38174
580275,-999,-999,0.383,0.3825
1343401,-999,-999,0.38397,0.38284
1281886,-999,-999,0.38493,0.38394
360139,-999,-999,0.385,0.38594
1338170,-999,-999,0.3878,0.38677
550218,-999,-999,0.389,0.38735
050251,-999,-999,0.3872,0.38772
420352,-999,-999,0.39,0.38886
1290779,-999,-999,0.39,0.38951
120086,-999,-999,0.391,0.39262
1291794,-999,-999,0.3956,0.39512
1296273,-999,-999,0.398,0.39698
1333438,-999,-999,0.4,0.39946
05D4ff,-999,-999,0.402,0.40048
110734,-999,-999,0.4013,0.40212
580312,-999,-999,0.404,0.40286
1329615,-999,-999,0.40474,0.40361
06D3ed,-999,-999,0.404,0.40454
350050,-999,-999,0.404,0.40472
05D4dt,-999,-999,0.407,0.40547
1308314,-999,-999,0.407,0.40648
1341370,-999,-999,0.41,0.409
1306390,-999,-999,0.41009,0.40911
450339,-999,-999,0.4104,0.40927
06D4cq,-999,-999,0.411,0.40947
020090,-999,-999,0.4094,0.40995
1307277,-999,-999,0.41216,0.41114
530251,-999,-999,0.413,0.41131
520071,-999,-999,0.411,0.41152
1315296,-999,-999,0.41363,0.41258
04D2fp,-999,-999,0.415,0.41664
05D2dw,-999,-999,0.417,0.41864
440162,-999,-999,0.421,0.41927
550137,-999,-999,0.421,0.41931
1289600,-999,-999,0.42019,0.41962
05D3cf,-999,-999,0.419,0.41956
1340454,-999,-999,0.42047,0.41997
550202,-999,-999,0.422,0.42027
1306626,-999,-999,0.4214,0.4209
110430,-999,-999,0.42,0.42085
1306991,-999,-999,0.42306,0.42199
04D4gg,-999,-999,0.424,0.42245
1345594,-999,-999,0.4236,0.42242
490037,-999,-999,0.4219,0.42355
160200,-999,-999,0.4234,0.42349
1302523,-999,-999,0.42505,0.42392
1312274,-999,-999,0.42551,0.42451
1295027,-999,-999,0.42676,0.42562
1258940,-999,-999,0.42694,0.42594
050003,-999,-999,0.4268,0.42689
110542,-999,-999,0.4261,0.42694
110719,-999,-999,0.427,0.42784
05D2cb,-999,-999,0.427,0.42865
440236,-999,-999,0.43,0.42888
1306029,-999,-999,0.43,0.42895
100101,-999,-999,0.4288,0.42967
080723,-999,-999,0.4313,0.43013
04D1rh,-999,-999,0.436,0.43487
06D4co,-999,-999,0.437,0.43544
000142,-999,-999,0.436,0.43673
1336008,-999,-999,0.43867,0.43765
1333246,-999,-999,0.43879,0.43774
1310338,-999,-999,0.44,0.43883
560027,-999,-999,0.44,0.43883
050607,-999,-999,0.4387,0.43926
040166,-999,-999,0.4395,0.44004
510266,-999,-999,0.44,0.44059
1328105,-999,-999,0.44259,0.44154
1295256,-999,-999,0.443,0.44246
06D3df,-999,-999,0.442,0.44254
06D2gb,-999,-999,0.442,0.44368
1291080,-999,-999,0.445,0.44384
040137,-999,-999,0.447,0.44756
1328066,-999,-999,0.45,0.4489
1320166,-999,-999,0.45,0.44896
050580,-999,-999,0.45,0.4506
520016,-999,-999,0.45,0.451
04D2gb,-999,-999,0.45,0.45169
120094,-999,-999,0.45,0.45169
04D3gt,-999,-999,0.451,0.45155
1290127,-999,-999,0.4533,0.45223
1253101,-999,-999,0.4544,0.45333
1253039,-999,-999,0.454,0.45347
1334302,-999,-999,0.4557,0.45463
1306360,-999,-999,0.45534,0.45478
1345582,-999,-999,0.46,0.45878
380199,-999,-999,0.46,0.46055
510597,-999,-999,0.46,0.46098
05D3lc,-999,-999,0.461,0.46156
03D4au,-999,-999,0.468,0.46641
000215,-999,-999,0.4649,0.4666
04D4jr,-999,-999,0.47,0.4684
1339149,-999,-999,0.46998,0.4688
04D4ju,-999,-999,0.472,0.47039
05D3mx,-999,-999,0.47,0.47057
370367,-999,-999,0.47,0.4717
1316437,-999,-999,0.473,0.47196
05D2bv,-999,-999,0.474,0.47572
370329,-999,-999,0.4762,0.47793
310146,-999,-999,0.48,0.47943
1306537,-999,-999,0.48,0.47948
560054,-999,-999,0.4816,0.4798
05D3dd,-999,-999,0.48,0.48056
05D2ac,-999,-999,0.479,0.48071
120044,-999,-999,0.48,0.48171
05D1ix,-999,-999,0.49,0.48881
1292145,-999,-999,0.493,0.49246
1343208,-999,-999,0.49558,0.49501
1305504,-999,-999,0.49679,0.4956
03D1ax,-999,-999,0.49692,0.49572
05D4af,-999,-999,0.499,0.49737
06D2bk,-999,-999,0.499,0.50073
350374,-999,-999,0.5,0.5009
1337272,-999,-999,0.504,0.50276
030006,-999,-999,0.502,0.50276
510457,-999,-999,0.502,0.503
03D1au,-999,-999,0.5043,0.50309
1335472,-999,-999,0.50705,0.50598
1343759,-999,-999,0.50677,0.50617
310091,-999,-999,0.509,0.50716
05D4av,-999,-999,0.509,0.50737
090201,-999,-999,0.51,0.50817
180313,-999,-999,0.51,0.51006
110484,-999,-999,0.51,0.51087
05D2dy,-999,-999,0.51,0.51175
04D1pg,-999,-999,0.515,0.5138
04D4in,-999,-999,0.516,0.51435
04D2mj,-999,-999,0.513,0.51475
1338430,-999,-999,0.5183,0.51718
1334470,-999,-999,0.52,0.51876
310260,-999,-999,0.52,0.51879
450175,-999,-999,0.52,0.51943
06D3el,-999,-999,0.519,0.5196
04D2gc,-999,-999,0.521,0.52277
1295921,-999,-999,0.525,0.52393
1322229,-999,-999,0.52736,0.52613
050005,-999,-999,0.5279,0.52851
1322979,-999,-999,0.53,0.52939
330106,-999,-999,0.53,0.53091
160066,-999,-999,0.53,0.53105
1338471,-999,-999,0.53228,0.53117
1337703,-999,-999,0.53281,0.53226
06D2ca,-999,-999,0.531,0.53277
06D2cc,-999,-999,0.532,0.53377
05D4ek,-999,-999,0.536,0.53433
05D4be,-999,-999,0.537,0.53532
05D2eb,-999,-999,0.534,0.53578
1289656,-999,-999,0.54,0.53944
110426,-999,-999,0.54,0.54089
1324542,-999,-999,0.5421,0.54154
520041,-999,-999,0.5443,0.5454
04D4bq,-999,-999,0.55,0.54832
1306980,-999,-999,0.55,0.54886
050201,-999,-999,0.55,0.55011
06D4bo,-999,-999,0.552,0.55031
1339450,-999,-999,0.55105,0.55048
04D3hn,-999,-999,0.552,0.5526
06D2ck,-999,-999,0.552,0.5538
1337117,-999,-999,0.555,0.55389
05D1ee,-999,-999,0.559,0.55775
05D1kl,-999,-999,0.56,0.55875
04D1hx,-999,-999,0.56,0.55875
1289555,-999,-999,0.56289,0.56174
1303952,-999,-999,0.56387,0.56263
05D1cc,-999,-999,0.564,0.56276
1285317,-999,-999,0.56555,0.56441
1330903,-999,-999,0.56544,0.5643
1338278,-999,-999,0.5656,0.56431
05D1dn,-999,-999,0.566,0.56475
1317454,-999,-999,0.57,0.56883
1306785,-999,-999,0.57667,0.57535
05D2dt,-999,-999,0.574,0.57583
050203,-999,-999,0.576,0.57609
06D3et,-999,-999,0.576,0.57661
1337228,-999,-999,0.57858,0.57741
03D4gf,-999,-999,0.58,0.57829
110721,-999,-999,0.5773,0.57823
05D1dx,-999,-999,0.58,0.57875
1332059,-999,-999,0.58,0.57884
05D3jq,-999,-999,0.579,0.57959
05D3gp,-999,-999,0.58,0.5806
03D1aw,-999,-999,0.582,0.58073
04D1jg,-999,-999,0.5842,0.58294
05D4ej,-999,-999,0.585,0.58328
04D1kj,-999,-999,0.585,0.58375
04D1sa,-999,-999,0.585,0.58375
1338387,-999,-999,0.585,0.58382
05D1hm,-999,-999,0.587,0.58575
05D4bf,-999,-999,0.589,0.58728
04D1oh,-999,-999,0.59,0.58873
03D4gg,-999,-999,0.592,0.59028
04D2mh,-999,-999,0.59,0.59184
05D3lr,-999,-999,0.6,0.6006
1338233,-999,-999,0.60279,0.60149
05D4ef,-999,-999,0.605,0.60327
1335564,-999,-999,0.6075,0.6062
03D4dy,-999,-999,0.61,0.60826
1302141,-999,-999,0.61,0.6088
1332413,-999,-999,0.61,0.60873
05D2he,-999,-999,0.608,0.60987
04D3do,-999,-999,0.61,0.61064
04D4an,-999,-999,0.613,0.61125
1295305,-999,-999,0.613,0.61171
05D1ck,-999,-999,0.617,0.61571
1308957,-999,-999,0.62,0.61869
1335868,-999,-999,0.62,0.61942
000202,-999,-999,0.618,0.61988
04D3co,-999,-999,0.62,0.62063
04D2an,-999,-999,0.62,0.62188
03D4dh,-999,-999,0.627,0.62523
04D4fx,-999,-999,0.629,0.62723
05D1cb,-999,-999,0.632,0.63071
05D2ci,-999,-999,0.63,0.63189
03D4at,-999,-999,0.634,0.63223
1330642,-999,-999,0.63521,0.63392
04D1pu,-999,-999,0.639,0.63771
1343871,-999,-999,0.639,0.63787
05D4ag,-999,-999,0.64,0.63823
1337325,-999,-999,0.64,0.63866
1334879,-999,-999,0.64,0.63936
05D2ec,-999,-999,0.64,0.6419
1308568,-999,-999,0.64442,0.64305
04D3cy,-999,-999,0.643,0.64364
05D3ax,-999,-999,0.643,0.64363
05D3lb,-999,-999,0.647,0.64763
1338266,-999,-999,0.6498,0.64846
05D3kt,-999,-999,0.648,0.64863
1334707,-999,-999,0.6503,0.64964
04D1sk,-999,-999,0.6634,0.66207
05D3hs,-999,-999,0.664,0.66463
05D3mh,-999,-999,0.67,0.67065
03D1co,-999,-999,0.679,0.67767
05D2bt,-999,-999,0.68,0.68195
06D3cc,-999,-999,0.683,0.68365
04D4ic,-999,-999,0.687,0.68517
05D1ke,-999,-999,0.69,0.68867
1262715,-999,-999,0.69,0.68937
1262214,-999,-999,0.69,0.68937
06D3em,-999,-999,0.69,0.69065
03D4cz,-999,-999,0.695,0.69316
04D4ib,-999,-999,0.699,0.69716
06D4ba,-999,-999,0.7,0.69816
05D4bj,-999,-999,0.701,0.69916
05D4cq,-999,-999,0.701,0.69916
1335718,-999,-999,0.7,0.69933
05D2ck,-999,-999,0.698,0.69997
04D1si,-999,-999,0.702,0.70064
04D4hu,-999,-999,0.703,0.70115
04D2iu,-999,-999,0.7,0.70197
05D2le,-999,-999,0.7,0.70198
05D3gv,-999,-999,0.715,0.71565
05D3jh,-999,-999,0.718,0.71867
1331993,-999,-999,0.721,0.71962
04D1aj,-999,-999,0.721,0.71964
05D4ev,-999,-999,0.722,0.72013
06D3gh,-999,-999,0.72,0.72067
06D3do,-999,-999,0.726,0.72667
06D3bz,-999,-999,0.727,0.72767
1304127,-999,-999,0.73,0.72861
06D4bw,-999,-999,0.732,0.73012
1329166,-999,-999,0.7323,0.73163
04D1pp,-999,-999,0.735,0.73362
04D2gp,-999,-999,0.732,0.734
05D2fq,-999,-999,0.733,0.73501
05D1eo,-999,-999,0.737,0.73562
05D2ct,-999,-999,0.734,0.73602
05D3jk,-999,-999,0.736,0.73668
04D2ja,-999,-999,0.74,0.74202
04D3fq,-999,-999,0.742,0.74269
05D3jb,-999,-999,0.745,0.74566
04D2kr,-999,-999,0.7441,0.74613
04D4im,-999,-999,0.751,0.7491
1285160,-999,-999,0.75,0.74932
04D3ks,-999,-999,0.75,0.75068
05D2nt,-999,-999,0.757,0.75904
05D3mn,-999,-999,0.76,0.76069
05D4cn,-999,-999,0.763,0.76108
05D1if,-999,-999,0.763,0.76159
04D1qd,-999,-999,0.767,0.7656
04D1de,-999,-999,0.768,0.7666
05D3hh,-999,-999,0.766,0.76668
04D4id,-999,-999,0.769,0.76707
04D1pc,-999,-999,0.77,0.7686
1329196,-999,-999,0.77001,0.76933
05D4bi,-999,-999,0.775,0.77308
1325358,-999,-999,0.78,0.77931
05D4cs,-999,-999,0.79,0.78806
03D4fd,-999,-999,0.791,0.78905
1309749,-999,-999,0.79,0.78929
04D1ks,-999,-999,0.798,0.79656
03D1fq,-999,-999,0.8,0.79858
Elvis,-999,-999,0.839,0.83973
Spock,-999,-999,0.839,0.83973
Manipogo,-999,-999,0.854,0.85474
Vilas,-999,-999,0.935,0.93577
Ombo,-999,-999,0.975,0.97424
SCP05D0,-999,-999,1.014,1.01236
Eagle,-999,-999,1.019,1.0198
Ferguson,-999,-999,1.02,1.02081
Strolger,-999,-999,1.027,1.02781
SCP06U4,-999,-999,1.05,1.04819
Gabi,-999,-999,1.12,1.12085
SCP06H5,-999,-999,1.23099,1.23223
Lancaster,-999,-999,1.235,1.23589
Aphrodite,-999,-999,1.30001,1.29912
Thoth,-999,-999,1.30501,1.30412
Inanna,-999,-999,1.30701,1.30612
SCP05D6,-999,-999,1.315,1.31311
washington,-999,-999,1.33001,1.32911
Borg,-999,-999,1.34,1.34093
SCP06G4,-999,-999,1.34999,1.35134
Mcguire,-999,-999,1.35701,1.3561
Sasquatch,-999,-999,1.39,1.39096
SCP06K0,-999,-999,1.41499,1.41631
carter,-999,-999,1.54,1.54295
Primo,-999,-999,1.55001,1.54903
rutledge,-999,-999,1.61399,1.61499
geta,-999,-999,1.7,1.69702
stone,-999,-999,1.8,1.80111
wilson,-999,-999,1.91401,1.9116
colfax,-999,-999,2.26,2.2613
